id,HIN
0,आ ध ी
1,आ ध ी
2,आ ध ी
3,आ ध ी
4,आ ध ी
5,आ ध ी
6,आ ध ी
7,आ ध ी
8,आ ध ी
9,आ ध ी
10,आ ध ी
11,आ ध ी
12,आ ध ी
13,आ ध ी
14,आ ध ी
15,आ ध ी
16,आ ध ी
17,आ ध ी
18,आ ध ी
19,आ ध ी
20,आ ध ी
21,आ ध ी
22,आ ध ी
23,आ ध ी
24,आ ध ी
25,आ ध ी
26,आ ध ी
27,आ ध ी
28,आ ध ी
29,आ ध ी
30,आ ध ी
31,आ ध ी
32,आ ध ी
33,आ ध ी
34,आ ध ी
35,आ ध ी
36,आ ध ी
37,आ ध ी
38,आ ध ी
39,आ ध ी
40,आ ध ी
41,आ ध ी
42,आ ध ी
43,आ ध ी
44,आ ध ी
45,आ ध ी
46,आ ध ी
47,आ ध ी
48,आ ध ी
49,आ ध ी
50,आ ध ी
51,आ ध ी
52,आ ध ी
53,आ ध ी
54,आ ध ी
55,आ ध ी
56,आ ध ी
57,आ ध ी
58,आ ध ी
59,आ ध ी
60,आ ध ी
61,आ ध ी
62,आ ध ी
63,आ ध ी
64,आ ध ी
65,आ ध ी
66,आ ध ी
67,आ ध ी
68,आ ध ी
69,आ ध ी
70,आ ध ी
71,आ ध ी
72,आ ध ी
73,आ ध ी
74,आ ध ी
75,आ ध ी
76,आ ध ी
77,आ ध ी
78,आ ध ी
79,आ ध ी
80,आ ध ी
81,आ ध ी
82,आ ध ी
83,आ ध ी
84,आ ध ी
85,आ ध ी
86,आ ध ी
87,आ ध ी
88,आ ध ी
89,आ ध ी
90,आ ध ी
91,आ ध ी
92,आ ध ी
93,आ ध ी
94,आ ध ी
95,आ ध ी
96,आ ध ी
97,आ ध ी
98,आ ध ी
99,आ ध ी
100,आ ध ी
101,आ ध ी
102,आ ध ी
103,आ ध ी
104,आ ध ी
105,आ ध ी
106,आ ध ी
107,आ ध ी
108,आ ध ी
109,आ ध ी
110,आ ध ी
111,आ ध ी
112,आ ध ी
113,आ ध ी
114,आ ध ी
115,आ ध ी
116,आ ध ी
117,आ ध ी
118,आ ध ी
119,आ ध ी
120,आ ध ी
121,आ ध ी
122,आ ध ी
123,आ ध ी
124,आ ध ी
125,आ ध ी
126,आ ध ी
127,आ ध ी
128,आ ध ी
129,आ ध ी
130,आ ध ी
131,आ ध ी
132,आ ध ी
133,आ ध ी
134,आ ध ी
135,आ ध ी
136,आ ध ी
137,आ ध ी
138,आ ध ी
139,आ ध ी
140,आ ध ी
141,आ ध ी
142,आ ध ी
143,आ ध ी
144,आ ध ी
145,आ ध ी
146,आ ध ी
147,आ ध ी
148,आ ध ी
149,आ ध ी
150,आ ध ी
151,आ ध ी
152,आ ध ी
153,आ ध ी
154,आ ध ी
155,आ ध ी
156,आ ध ी
157,आ ध ी
158,आ ध ी
159,आ ध ी
160,आ ध ी
161,आ ध ी
162,आ ध ी
163,आ ध ी
164,आ ध ी
165,आ ध ी
166,आ ध ी
167,आ ध ी
168,आ ध ी
169,आ ध ी
170,आ ध ी
171,आ ध ी
172,आ ध ी
173,आ ध ी
174,आ ध ी
175,आ ध ी
176,आ ध ी
177,आ ध ी
178,आ ध ी
179,आ ध ी
180,आ ध ी
181,आ ध ी
182,आ ध ी
183,आ ध ी
184,आ ध ी
185,आ ध ी
186,आ ध ी
187,आ ध ी
188,आ ध ी
189,आ ध ी
190,आ ध ी
191,आ ध ी
192,आ ध ी
193,आ ध ी
194,आ ध ी
195,आ ध ी
196,आ ध ी
197,आ ध ी
198,आ ध ी
199,आ ध ी
200,आ ध ी
201,आ ध ी
202,आ ध ी
203,आ ध ी
204,आ ध ी
205,आ ध ी
206,आ ध ी
207,आ ध ी
208,आ ध ी
209,आ ध ी
210,आ ध ी
211,आ ध ी
212,आ ध ी
213,आ ध ी
214,आ ध ी
215,आ ध ी
216,आ ध ी
217,आ ध ी
218,आ ध ी
219,आ ध ी
220,आ ध ी
221,आ ध ी
222,आ ध ी
223,आ ध ी
224,आ ध ी
225,आ ध ी
226,आ ध ी
227,आ ध ी
228,आ ध ी
229,आ ध ी
230,आ ध ी
231,आ ध ी
232,आ ध ी
233,आ ध ी
234,आ ध ी
235,आ ध ी
236,आ ध ी
237,आ ध ी
238,आ ध ी
239,आ ध ी
240,आ ध ी
241,आ ध ी
242,आ ध ी
243,आ ध ी
244,आ ध ी
245,आ ध ी
246,आ ध ी
247,आ ध ी
248,आ ध ी
249,आ ध ी
250,आ ध ी
251,आ ध ी
252,आ ध ी
253,आ ध ी
254,आ ध ी
255,आ ध ी
256,आ ध ी
257,आ ध ी
258,आ ध ी
259,आ ध ी
260,आ ध ी
261,आ ध ी
262,आ ध ी
263,आ ध ी
264,आ ध ी
265,आ ध ी
266,आ ध ी
267,आ ध ी
268,आ ध ी
269,आ ध ी
270,आ ध ी
271,आ ध ी
272,आ ध ी
273,आ ध ी
274,आ ध ी
275,आ ध ी
276,आ ध ी
277,आ ध ी
278,आ ध ी
279,आ ध ी
280,आ ध ी
281,आ ध ी
282,आ ध ी
283,आ ध ी
284,आ ध ी
285,आ ध ी
286,आ ध ी
287,आ ध ी
288,आ ध ी
289,आ ध ी
290,आ ध ी
291,आ ध ी
292,आ ध ी
293,आ ध ी
294,आ ध ी
295,आ ध ी
296,आ ध ी
297,आ ध ी
298,आ ध ी
299,आ ध ी
300,आ ध ी
301,आ ध ी
302,आ ध ी
303,आ ध ी
304,आ ध ी
305,आ ध ी
306,आ ध ी
307,आ ध ी
308,आ ध ी
309,आ ध ी
310,आ ध ी
311,आ ध ी
312,आ ध ी
313,आ ध ी
314,आ ध ी
315,आ ध ी
316,आ ध ी
317,आ ध ी
318,आ ध ी
319,आ ध ी
320,आ ध ी
321,आ ध ी
322,आ ध ी
323,आ ध ी
324,आ ध ी
325,आ ध ी
326,आ ध ी
327,आ ध ी
328,आ ध ी
329,आ ध ी
330,आ ध ी
331,आ ध ी
332,आ ध ी
333,आ ध ी
334,आ ध ी
335,आ ध ी
336,आ ध ी
337,आ ध ी
338,आ ध ी
339,आ ध ी
340,आ ध ी
341,आ ध ी
342,आ ध ी
343,आ ध ी
344,आ ध ी
345,आ ध ी
346,आ ध ी
347,आ ध ी
348,आ ध ी
349,आ ध ी
350,आ ध ी
351,आ ध ी
352,आ ध ी
353,आ ध ी
354,आ ध ी
355,आ ध ी
356,आ ध ी
357,आ ध ी
358,आ ध ी
359,आ ध ी
360,आ ध ी
361,आ ध ी
362,आ ध ी
363,आ ध ी
364,आ ध ी
365,आ ध ी
366,आ ध ी
367,आ ध ी
368,आ ध ी
369,आ ध ी
370,आ ध ी
371,आ ध ी
372,आ ध ी
373,आ ध ी
374,आ ध ी
375,आ ध ी
376,आ ध ी
377,आ ध ी
378,आ ध ी
379,आ ध ी
380,आ ध ी
381,आ ध ी
382,आ ध ी
383,आ ध ी
384,आ ध ी
385,आ ध ी
386,आ ध ी
387,आ ध ी
388,आ ध ी
389,आ ध ी
390,आ ध ी
391,आ ध ी
392,आ ध ी
393,आ ध ी
394,आ ध ी
395,आ ध ी
396,आ ध ी
397,आ ध ी
398,आ ध ी
399,आ ध ी